Kiara,Farrell,Research and Development,2019-11-27
Justin,Dalton,Payroll,2019-10-17
Holmes,Kent,Advertising,2018-09-08
Alana,Potts,DevOps,2018-01-26
Clementine,Ford,Quality Assurance,2018-10-20
Darrel,Mccray,Customer Service,2019-07-19
Carson,Finley,DevOps,2019-08-20
Beck,Padilla,Quality Assurance,2018-09-21
Gregory,Berger,Customer Relations,2018-07-25
Phelan,Fields,Quality Assurance,2019-12-27
Kylan,Mccormick,Public Relations,2019-04-26
Jordan,Golden,Finances,2020-06-27
Yoshi,Molina,Sales and Marketing,2020-01-02
Tobias,Mcleod,Advertising,2020-03-05
Alfonso,Jackson,Media Relations,2018-03-25
Kennedy,Harrington,Customer Relations,2019-06-06
Kessie,Rutledge,Payroll,2018-12-14
Rafael,Vaughan,Advertising,2020-05-13
Lucy,Calhoun,Accounting,2019-01-05
Paula,Norris,Public Relations,2018-12-06
Jarrod,Carlson,Media Relations,2018-01-07
Wyoming,Pacheco,Advertising,2019-06-02
Iris,George,Public Relations,2018-04-02
Devin,Foley,Accounting,2019-05-04
Stewart,Weeks,Advertising,2018-05-15
Amaya,Mercado,DevOps,2020-03-13